[
  {
    "id": 1,
    "nome": "Poupatempo Sé",
    "endereco": "Praça Clóvis Beviláqua, 103",
    "bairro": "Sé",
    "cidade": "São Paulo",
    "uf": "SP",
    "cep": "01018-001",
    "telefone": "(11) 2105-2200",
    "orgao": "Poupatempo"
  },
  {
    "id": 2,
    "nome": "Poupatempo Itaquera",
    "endereco": "Av. do Contorno, 60",
    "bairro": "Cidade Líder",
    "cidade": "São Paulo",
    "uf": "SP",
    "cep": "08285-000",
    "telefone": "(11) 2794-3300",
    "orgao": "Poupatempo"
  },
  {
    "id": 3,
    "nome": "Poupatempo Santo Amaro",
    "endereco": "Rua Amador Bueno, 229",
    "bairro": "Santo Amaro",
    "cidade": "São Paulo",
    "uf": "SP",
    "cep": "04752-005",
    "telefone": "(11) 5642-0200",
    "orgao": "Poupatempo"
  },
  {
    "id": 4,
    "nome": "Poupatempo Guarulhos",
    "endereco": "Rua Claudino Barbosa, 313",
    "bairro": "Macedo",
    "cidade": "Guarulhos",
    "uf": "SP",
    "cep": "07112-020",
    "telefone": "(11) 2087-2300",
    "orgao": "Poupatempo"
  },
  {
    "id": 5,
    "nome": "Poupatempo Campinas",
    "endereco": "Av. Francisco de Paula Quintanilha Ribeiro, 1106",
    "bairro": "Jardim das Paineiras",
    "cidade": "Campinas",
    "uf": "SP",
    "cep": "13092-053",
    "telefone": "(19) 3756-4600",
    "orgao": "Poupatempo"
  },
  {
    "id": 6,
    "nome": "Poupatempo Santos",
    "endereco": "Rua João Pessoa, 245",
    "bairro": "Centro",
    "cidade": "Santos",
    "uf": "SP",
    "cep": "11013-001",
    "telefone": "(13) 3202-5400",
    "orgao": "Poupatempo"
  },
  {
    "id": 7,
    "nome": "Vapt Vupt Goiânia Shopping",
    "endereco": "Av. T-10, 1.300 - Goiânia Shopping",
    "bairro": "Setor Bueno",
    "cidade": "Goiânia",
    "uf": "GO",
    "cep": "74223-060",
    "telefone": "(62) 3269-1500",
    "orgao": "Vapt Vupt"
  },
  {
    "id": 8,
    "nome": "Vapt Vupt Aparecida de Goiânia",
    "endereco": "Av. Independência, Qd. 1-E - Buriti Shopping",
    "bairro": "Setor Central",
    "cidade": "Aparecida de Goiânia",
    "uf": "GO",
    "cep": "74915-515",
    "telefone": "(62) 3545-3200",
    "orgao": "Vapt Vupt"
  },
  {
    "id": 9,
    "nome": "Vapt Vupt Senador Canedo",
    "endereco": "Rua SC-01, Qd. 14 Lt. 01",
    "bairro": "Setor Central",
    "cidade": "Senador Canedo",
    "uf": "GO",
    "cep": "75250-000",
    "telefone": "(62) 3537-1800",
    "orgao": "Vapt Vupt"
  },
  {
    "id": 10,
    "nome": "Ganha Tempo Cuiabá Shopping",
    "endereco": "Av. das Palmeiras, 555 - Cuiabá Shopping",
    "bairro": "Jardim Aclimação",
    "cidade": "Cuiabá",
    "uf": "MT",
    "cep": "78050-000",
    "telefone": "(65) 3613-3500",
    "orgao": "Ganha Tempo"
  },
  {
    "id": 11,
    "nome": "Ganha Tempo Goiabeiras",
    "enderedo": "Av. Fernando Corrêa da Costa, 3.820",
    "bairro": "Goiabeiras",
    "cidade": "Cuiabá",
    "uf": "MT",
    "cep": "78060-900",
    "telefone": "(65) 3617-2200",
    "orgao": "Ganha Tempo"
  },
  {
    "id": 12,
    "nome": "Ganha Tempo Várzea Grande",
    "endereco": "Av. Couto Magalhães, 1.200",
    "bairro": "Centro",
    "cidade": "Várzea Grande",
    "uf": "MT",
    "cep": "78115-000",
    "telefone": "(65) 3688-4500",
    "orgao": "Ganha Tempo"
  },
  {
    "id": 13,
    "nome": "Poupa Tempo RJ Centro",
    "endereco": "Av. Presidente Vargas, 2.000",
    "bairro": "Centro",
    "cidade": "Rio de Janeiro",
    "uf": "RJ",
    "cep": "20210-031",
    "telefone": "(21) 2334-4500",
    "orgao": "Poupa Tempo RJ"
  },
  {
    "id": 14,
    "nome": "Poupa Tempo RJ Niterói",
    "endereco": "Av. Visconde do Rio Branco, 360",
    "bairro": "Centro",
    "cidade": "Niterói",
    "uf": "RJ",
    "cep": "24020-000",
    "telefone": "(21) 2719-5600",
    "orgao": "Poupa Tempo RJ"
  },
  {
    "id": 15,
    "nome": "Poupa Tempo RJ Nova Iguaçu",
    "endereco": "Rua Odorico Mendes, 150",
    "bairro": "Centro",
    "cidade": "Nova Iguaçu",
    "uf": "RJ",
    "cep": "26210-150",
    "telefone": "(21) 2667-3400",
    "orgao": "Poupa Tempo RJ"
  },
  {
    "id": 16,
    "nome": "UAI Afonso Pena",
    "endereco": "Av. Afonso Pena, 1.974",
    "bairro": "Centro",
    "cidade": "Belo Horizonte",
    "uf": "MG",
    "cep": "30130-005",
    "telefone": "(31) 3270-5500",
    "orgao": "UAI"
  },
  {
    "id": 17,
    "nome": "UAI Barreiro",
    "endereco": "Av. Afonso Vaz de Melo, 640",
    "bairro": "Barreiro",
    "cidade": "Belo Horizonte",
    "uf": "MG",
    "cep": "30640-070",
    "telefone": "(31) 3277-5200",
    "orgao": "UAI"
  },
  {
    "id": 18,
    "nome": "UAI Venda Nova",
    "endereco": "Av. Vilarinho, 1.481",
    "bairro": "Venda Nova",
    "cidade": "Belo Horizonte",
    "uf": "MG",
    "cep": "31615-310",
    "telefone": "(31) 3277-7300",
    "orgao": "UAI"
  },
  {
    "id": 19,
    "nome": "Poupatempo Paraná Curitiba",
    "endereco": "Rua Cândido de Abreu, 526",
    "bairro": "Centro Cívico",
    "cidade": "Curitiba",
    "uf": "PR",
    "cep": "80530-000",
    "telefone": "(41) 3221-5500",
    "orgao": "Poupatempo Paraná"
  },
  {
    "id": 20,
    "nome": "Poupatempo Paraná Londrina",
    "endereco": "Av. Duque de Caxias, 635",
    "bairro": "Centro",
    "cidade": "Londrina",
    "uf": "PR",
    "cep": "86015-901",
    "telefone": "(43) 3321-4400",
    "orgao": "Poupatempo Paraná"
  },
  {
    "id": 21,
    "nome": "Poupatempo Paraná Maringá",
    "endereco": "Av. Herval, 987",
    "bairro": "Centro",
    "cidade": "Maringá",
    "uf": "PR",
    "cep": "87013-110",
    "telefone": "(44) 3029-5500",
    "orgao": "Poupatempo Paraná"
  },
  {
    "id": 22,
    "nome": "Tudo Fácil Porto Alegre",
    "endereco": "Av. Loureiro da Silva, 255",
    "bairro": "Centro",
    "cidade": "Porto Alegre",
    "uf": "RS",
    "cep": "90010-420",
    "telefone": "(51) 3288-8500",
    "orgao": "Tudo Fácil"
  },
  {
    "id": 23,
    "nome": "Tudo Fácil Canoas",
    "endereco": "Rua Tiradentes, 800",
    "bairro": "Centro",
    "cidade": "Canoas",
    "uf": "RS",
    "cep": "92010-260",
    "telefone": "(51) 3462-3300",
    "orgao": "Tudo Fácil"
  },
  {
    "id": 24,
    "nome": "Tudo Fácil Caxias do Sul",
    "endereco": "Rua Sinimbu, 1.555",
    "bairro": "Centro",
    "cidade": "Caxias do Sul",
    "uf": "RS",
    "cep": "95020-001",
    "telefone": "(54) 3901-2200",
    "orgao": "Tudo Fácil"
  },
  {
    "id": 25,
    "nome": "SAC Salvador Shopping",
    "endereco": "Av. Tancredo Neves, 3.133 - Salvador Shopping",
    "bairro": "Caminho das Árvores",
    "cidade": "Salvador",
    "uf": "BA",
    "cep": "41820-021",
    "telefone": "(71) 3116-5500",
    "orgao": "SAC"
  },
  {
    "id": 26,
    "nome": "SAC Barra",
    "endereco": "Av. Centenário, 2.992",
    "bairro": "Barra",
    "cidade": "Salvador",
    "uf": "BA",
    "cep": "40155-150",
    "telefone": "(71) 3103-4200",
    "orgao": "SAC"
  },
  {
    "id": 27,
    "nome": "SAC Cajazeiras",
    "endereco": "Estrada CIA-Aeroporto, s/n",
    "bairro": "Cajazeiras",
    "cidade": "Salvador",
    "uf": "BA",
    "cep": "41338-000",
    "telefone": "(71) 3611-7700",
    "orgao": "SAC"
  },
  {
    "id": 28,
    "nome": "Expresso Cidadão Recife",
    "endereco": "Rua do Hospício, 159",
    "bairro": "Boa Vista",
    "cidade": "Recife",
    "uf": "PE",
    "cep": "50050-070",
    "telefone": "(81) 3183-4500",
    "orgao": "Expresso Cidadão"
  },
  {
    "id": 29,
    "nome": "Expresso Cidadão Jaboatão",
    "endereco": "Av. Bernardo Vieira de Melo, 1.480",
    "bairro": "Piedade",
    "cidade": "Jaboatão dos Guararapes",
    "uf": "PE",
    "cep": "54410-000",
    "telefone": "(81) 3377-2200",
    "orgao": "Expresso Cidadão"
  },
  {
    "id": 30,
    "nome": "Expresso Cidadão Olinda",
    "endereco": "Av. Getúlio Vargas, 1.470",
    "bairro": "Bairro Novo",
    "cidade": "Olinda",
    "uf": "PE",
    "cep": "53030-010",
    "telefone": "(81) 3439-8800",
    "orgao": "Expresso Cidadão"
  },
  {
    "id": 31,
    "nome": "Vapt Vupt Fortaleza",
    "endereco": "Av. Bezerra de Menezes, 2450",
    "bairro": "São Gerardo",
    "cidade": "Fortaleza",
    "uf": "CE",
    "cep": "60325-002",
    "telefone": "(85) 3101-4500",
    "orgao": "Vapt Vupt"
  },
  {
    "id": 32,
    "nome": "Vapt Vupt Messejana",
    "endereco": "Av. Washington Soares, 4.335",
    "bairro": "Messejana",
    "cidade": "Fortaleza",
    "uf": "CE",
    "cep": "60810-000",
    "telefone": "(85) 3105-3300",
    "orgao": "Vapt Vupt"
  },
  {
    "id": 33,
    "nome": "Vapt Vupt Caucaia",
    "endereco": "Av. Paranjana, 1.720",
    "bairro": "Centro",
    "cidade": "Caucaia",
    "uf": "CE",
    "cep": "61600-010",
    "telefone": "(85) 3342-4400",
    "orgao": "Vapt Vupt"
  },
  {
    "id": 34,
    "nome": "Na Hora Taguatinga",
    "endereco": "Pistão Sul, Área Especial 24",
    "bairro": "Taguatinga Centro",
    "cidade": "Brasília",
    "uf": "DF",
    "cep": "72010-900",
    "telefone": "(61) 3214-5500",
    "orgao": "Na Hora"
  },
  {
    "id": 35,
    "nome": "Na Hora Rodoviária",
    "endereco": "Estação Rodoviária de Brasília - Plataforma Superior",
    "bairro": "Asa Sul",
    "cidade": "Brasília",
    "uf": "DF",
    "cep": "70610-400",
    "telefone": "(61) 3201-7700",
    "orgao": "Na Hora"
  },
  {
    "id": 36,
    "nome": "Na Hora Ceilândia",
    "endereco": "QNM 11, Área Especial s/n",
    "bairro": "Ceilândia Centro",
    "cidade": "Brasília",
    "uf": "DF",
    "cep": "72215-110",
    "telefone": "(61) 3376-2200",
    "orgao": "Na Hora"
  },
  {
    "id": 37,
    "nome": "Faça Fácil Vitória",
    "endereco": "Av. Jerônimo Monteiro, 96",
    "bairro": "Centro",
    "cidade": "Vitória",
    "uf": "ES",
    "cep": "29010-002",
    "telefone": "(27) 3636-5500",
    "orgao": "Faça Fácil"
  },
  {
    "id": 38,
    "nome": "Faça Fácil Vila Velha",
    "endereco": "Av. Carlos Lindenberg, 5.000",
    "bairro": "Praia de Itaparica",
    "cidade": "Vila Velha",
    "uf": "ES",
    "cep": "29102-565",
    "telefone": "(27) 3289-4400",
    "orgao": "Faça Fácil"
  },
  {
    "id": 39,
    "nome": "Faça Fácil Serra",
    "endereco": "Av. Central, 1.100",
    "bairro": "Laranjeiras",
    "cidade": "Serra",
    "uf": "ES",
    "cep": "29165-130",
    "telefone": "(27) 3318-3300",
    "orgao": "Faça Fácil"
  },
  {
    "id": 40,
    "nome": "OCA Rio Branco",
    "endereco": "Rua Benjamin Constant, 830",
    "bairro": "Centro",
    "cidade": "Rio Branco",
    "uf": "AC",
    "cep": "69900-063",
    "telefone": "(68) 3215-4500",
    "orgao": "OCA"
  }
]
