[
  {
    "id": 1,
    "nome": "Superintendência da Polícia Federal em São Paulo - Lapa",
    "endereco": "Rua Hugo D'Antola, 95 - Lapa",
    "cidade": "São Paulo",
    "uf": "SP",
    "cep": "05038-010",
    "telefone": "(11) 3538-5000"
  },
  {
    "id": 2,
    "nome": "Delegacia da Polícia Federal em Guarulhos",
    "endereco": "Rodovia Hélio Smidt, s/nº - Aeroporto Internacional",
    "cidade": "Guarulhos",
    "uf": "SP",
    "cep": "07190-100",
    "telefone": "(11) 2445-0000"
  },
  {
    "id": 3,
    "nome": "Delegacia da Polícia Federal em Campinas",
    "endereco": "Av. Princesa D'Oeste, 1300 - Vila Itapura",
    "cidade": "Campinas",
    "uf": "SP",
    "cep": "13020-001",
    "telefone": "(19) 3251-4300"
  },
  {
    "id": 4,
    "nome": "Delegacia da Polícia Federal em Santos",
    "endereco": "Av. Bartolomeu de Gusmão, 1000 - Aparecida",
    "cidade": "Santos",
    "uf": "SP",
    "cep": "11045-401",
    "telefone": "(13) 3202-3200"
  },
  {
    "id": 5,
    "nome": "Delegacia da Polícia Federal em Sorocaba",
    "endereco": "Rua Piauí, 80 - Jardim Paulistano",
    "cidade": "Sorocaba",
    "uf": "SP",
    "cep": "18013-280",
    "telefone": "(15) 3234-5900"
  },
  {
    "id": 6,
    "nome": "Superintendência da Polícia Federal no Rio de Janeiro",
    "endereco": "Av. Venezuela, 2 - Saúde",
    "cidade": "Rio de Janeiro",
    "uf": "RJ",
    "cep": "20081-312",
    "telefone": "(21) 2203-4000"
  },
  {
    "id": 7,
    "nome": "Delegacia da Polícia Federal em Niterói",
    "endereco": "Rua Visconde de Sepetiba, 987 - Centro",
    "cidade": "Niterói",
    "uf": "RJ",
    "cep": "24020-206",
    "telefone": "(21) 2199-6300"
  },
  {
    "id": 8,
    "nome": "Delegacia da Polícia Federal em Nova Iguaçu",
    "endereco": "Rua Bernardino de Melo, 113 - Centro",
    "cidade": "Nova Iguaçu",
    "uf": "RJ",
    "cep": "26210-150",
    "telefone": "(21) 2767-7200"
  },
  {
    "id": 9,
    "nome": "Superintendência da Polícia Federal em Minas Gerais",
    "endereco": "Rua Nascimento Gurgel, 30 - Gutierrez",
    "cidade": "Belo Horizonte",
    "uf": "MG",
    "cep": "30441-070",
    "telefone": "(31) 3330-5000"
  },
  {
    "id": 10,
    "nome": "Delegacia da Polícia Federal em Juiz de Fora",
    "endereco": "Av. Barão do Rio Branco, 2390 - Centro",
    "cidade": "Juiz de Fora",
    "uf": "MG",
    "cep": "36010-011",
    "telefone": "(32) 3229-3200"
  },
  {
    "id": 11,
    "nome": "Delegacia da Polícia Federal em Uberlândia",
    "endereco": "Av. Rondon Pacheco, 4600 - Tibery",
    "cidade": "Uberlândia",
    "uf": "MG",
    "cep": "38405-146",
    "telefone": "(34) 3214-6300"
  },
  {
    "id": 12,
    "nome": "Superintendência da Polícia Federal no Paraná",
    "endereco": "Rua Desembargador Westphalen, 100 - Rebouças",
    "cidade": "Curitiba",
    "uf": "PR",
    "cep": "80230-110",
    "telefone": "(41) 3251-5000"
  },
  {
    "id": 13,
    "nome": "Delegacia da Polícia Federal em Foz do Iguaçu",
    "endereco": "Av. Juscelino Kubitschek, 780 - Centro",
    "cidade": "Foz do Iguaçu",
    "uf": "PR",
    "cep": "85851-220",
    "telefone": "(45) 3576-5000"
  },
  {
    "id": 14,
    "nome": "Delegacia da Polícia Federal em Londrina",
    "endereco": "Rua Pernambuco, 1556 - Centro",
    "cidade": "Londrina",
    "uf": "PR",
    "cep": "86020-120",
    "telefone": "(43) 3321-9500"
  },
  {
    "id": 15,
    "nome": "Superintendência da Polícia Federal no Rio Grande do Sul",
    "endereco": "Av. Ipiranga, 1365 - Azenha",
    "cidade": "Porto Alegre",
    "uf": "RS",
    "cep": "90160-093",
    "telefone": "(51) 3235-9000"
  },
  {
    "id": 16,
    "nome": "Delegacia da Polícia Federal em Caxias do Sul",
    "endereco": "Rua Bento Gonçalves, 1867 - Centro",
    "cidade": "Caxias do Sul",
    "uf": "RS",
    "cep": "95020-412",
    "telefone": "(54) 3219-6100"
  },
  {
    "id": 17,
    "nome": "Delegacia da Polícia Federal em Uruguaiana",
    "endereco": "Rua Duque de Caxias, 3080 - Centro",
    "cidade": "Uruguaiana",
    "uf": "RS",
    "cep": "97501-011",
    "telefone": "(55) 3411-3400"
  },
  {
    "id": 18,
    "nome": "Superintendência da Polícia Federal em Santa Catarina",
    "endereco": "Av. Othon Gama D'Eça, 900 - Centro",
    "cidade": "Florianópolis",
    "uf": "SC",
    "cep": "88015-240",
    "telefone": "(48) 3239-9000"
  },
  {
    "id": 19,
    "nome": "Delegacia da Polícia Federal em Joinville",
    "endereco": "Rua Princesa Isabel, 438 - Centro",
    "cidade": "Joinville",
    "uf": "SC",
    "cep": "89201-270",
    "telefone": "(47) 3026-9600"
  },
  {
    "id": 20,
    "nome": "Delegacia da Polícia Federal em Chapecó",
    "endereco": "Av. Getúlio Vargas, 464-N - Centro",
    "cidade": "Chapecó",
    "uf": "SC",
    "cep": "89801-000",
    "telefone": "(49) 3323-0300"
  },
  {
    "id": 21,
    "nome": "Superintendência da Polícia Federal no Espírito Santo",
    "endereco": "Av. Fernando Ferrari, 1080 - Goiabeiras",
    "cidade": "Vitória",
    "uf": "ES",
    "cep": "29075-505",
    "telefone": "(27) 3235-6500"
  },
  {
    "id": 22,
    "nome": "Delegacia da Polícia Federal em Cachoeiro de Itapemirim",
    "endereco": "Rua 25 de Março, 237 - Centro",
    "cidade": "Cachoeiro de Itapemirim",
    "uf": "ES",
    "cep": "29300-086",
    "telefone": "(28) 3526-4100"
  },
  {
    "id": 23,
    "nome": "Superintendência da Polícia Federal na Bahia",
    "endereco": "Av. Oscar Pontes, 1152 - Jardim Armação",
    "cidade": "Salvador",
    "uf": "BA",
    "cep": "41750-000",
    "telefone": "(71) 3319-6000"
  },
  {
    "id": 24,
    "nome": "Delegacia da Polícia Federal em Ilhéus",
    "endereco": "Av. Soares Lopes, 1701 - Pontal",
    "cidade": "Ilhéus",
    "uf": "BA",
    "cep": "45653-050",
    "telefone": "(73) 3234-2500"
  },
  {
    "id": 25,
    "nome": "Delegacia da Polícia Federal em Feira de Santana",
    "endereco": "Av. João Durval Carneiro, 2455 - Caseb",
    "cidade": "Feira de Santana",
    "uf": "BA",
    "cep": "44052-000",
    "telefone": "(75) 3602-7100"
  },
  {
    "id": 26,
    "nome": "Superintendência da Polícia Federal em Pernambuco",
    "endereco": "Av. Agamenon Magalhães, 3742 - Iputinga",
    "cidade": "Recife",
    "uf": "PE",
    "cep": "50070-160",
    "telefone": "(81) 3205-3000"
  },
  {
    "id": 27,
    "nome": "Delegacia da Polícia Federal em Petrolina",
    "endereco": "Rua Clementino Coelho, 355 - Centro",
    "cidade": "Petrolina",
    "uf": "PE",
    "cep": "56302-160",
    "telefone": "(87) 3866-4100"
  },
  {
    "id": 28,
    "nome": "Superintendência da Polícia Federal no Ceará",
    "endereco": "Av. Santos Dumont, 3737 - Aldeota",
    "cidade": "Fortaleza",
    "uf": "CE",
    "cep": "60150-161",
    "telefone": "(85) 3392-3000"
  },
  {
    "id": 29,
    "nome": "Delegacia da Polícia Federal em Juazeiro do Norte",
    "endereco": "Rua José Alves de Figueiredo, 911 - Triângulo",
    "cidade": "Juazeiro do Norte",
    "uf": "CE",
    "cep": "63040-150",
    "telefone": "(88) 3511-3700"
  },
  {
    "id": 30,
    "nome": "Superintendência da Polícia Federal no Pará",
    "endereco": "Av. Júlio César, 1263 - Val-de-Cães",
    "cidade": "Belém",
    "uf": "PA",
    "cep": "66617-420",
    "telefone": "(91) 3210-3000"
  },
  {
    "id": 31,
    "nome": "Delegacia da Polícia Federal em Marabá",
    "endereco": "Folha 17, Quadra 04, Lote Especial - Nova Marabá",
    "cidade": "Marabá",
    "uf": "PA",
    "cep": "68508-295",
    "telefone": "(94) 3322-2400"
  },
  {
    "id": 32,
    "nome": "Superintendência da Polícia Federal no Amazonas",
    "endereco": "Av. Castelo Branco, 1425 - Cachoeirinha",
    "cidade": "Manaus",
    "uf": "AM",
    "cep": "69065-001",
    "telefone": "(92) 3234-3000"
  },
  {
    "id": 33,
    "nome": "Delegacia da Polícia Federal em Tabatinga",
    "endereco": "Av. da Amizade, 901 - Centro",
    "cidade": "Tabatinga",
    "uf": "AM",
    "cep": "69640-000",
    "telefone": "(97) 3412-2600"
  },
  {
    "id": 34,
    "nome": "Superintendência da Polícia Federal em Goiás",
    "endereco": "Praça Cívica, s/nº - Centro",
    "cidade": "Goiânia",
    "uf": "GO",
    "cep": "74003-010",
    "telefone": "(62) 3251-8000"
  },
  {
    "id": 35,
    "nome": "Delegacia da Polícia Federal em Anápolis",
    "endereco": "Av. Brasil Sul, 585 - Jundiaí",
    "cidade": "Anápolis",
    "uf": "GO",
    "cep": "75113-750",
    "telefone": "(62) 3098-4100"
  },
  {
    "id": 36,
    "nome": "Superintendência da Polícia Federal no Distrito Federal",
    "endereco": "SPO Área 5, Quadra 4, Bloco F - Setor Policial Sul",
    "cidade": "Brasília",
    "uf": "DF",
    "cep": "70610-200",
    "telefone": "(61) 2024-8000"
  },
  {
    "id": 37,
    "nome": "Delegacia da Polícia Federal em Mato Grosso",
    "endereco": "Av. Historiador Rubens de Mendonça, 4488 - CPA",
    "cidade": "Cuiabá",
    "uf": "MT",
    "cep": "78050-902",
    "telefone": "(65) 3617-4500"
  },
  {
    "id": 38,
    "nome": "Superintendência da Polícia Federal em Mato Grosso do Sul",
    "endereco": "Rua Desembargador Leão Neto do Carmo, 481 - Monte Castelo",
    "cidade": "Campo Grande",
    "uf": "MS",
    "cep": "79010-510",
    "telefone": "(67) 3358-5000"
  },
  {
    "id": 39,
    "nome": "Delegacia da Polícia Federal em Ponta Porã",
    "endereco": "Rua Guia Lopes, 1581 - Centro",
    "cidade": "Ponta Porã",
    "uf": "MS",
    "cep": "79900-000",
    "telefone": "(67) 3431-1400"
  },
  {
    "id": 40,
    "nome": "Superintendência da Polícia Federal em Alagoas",
    "endereco": "Av. Assis Chateaubriand, 3966 - Trapiche da Barra",
    "cidade": "Maceió",
    "uf": "AL",
    "cep": "57010-070",
    "telefone": "(82) 2121-6600"
  }
]
